Country,Cases,Deaths,Update Time
Algeria,5,0,7/6/2009 9:00
Antigua and Barbuda,2,0,7/6/2009 9:00
Argentina,2485,60,7/6/2009 9:00
Australia,5298,10,7/6/2009 9:00
Austria,19,0,7/6/2009 9:00
Bahamas,7,0,7/6/2009 9:00
Bahrain,15,0,7/6/2009 9:00
Bangladesh,18,0,7/6/2009 9:00
Barbados,12,0,7/6/2009 9:00
Belgium,54,0,7/6/2009 9:00
"Bermuda, UKOT",1,0,7/6/2009 9:00
Bolivia,416,0,7/6/2009 9:00
Bosnia and Hezegovina,1,0,7/6/2009 9:00
Brazil,737,1,7/6/2009 9:00
"British Virgin Islands, UKOT",2,0,7/6/2009 9:00
Brunei Darussalam,124,0,7/6/2009 9:00
Bulgaria,10,0,7/6/2009 9:00
Cambodia,7,0,7/6/2009 9:00
Canada,7983,25,7/6/2009 9:00
Cap Verde,3,0,7/6/2009 9:00
"Cayman Islands, UKOT",14,0,7/6/2009 9:00
Chile,7376,14,7/6/2009 9:00
China,2040,0,7/6/2009 9:00
Colombia,118,2,7/6/2009 9:00
Cook Island,1,0,7/6/2009 9:00
Costa Rica,277,3,7/6/2009 9:00
Cote d'Ivoire,2,0,7/6/2009 9:00
Croatia,1,0,7/6/2009 9:00
Cuba,85,0,7/6/2009 9:00
Cyprus,109,0,7/6/2009 9:00
Czech Republic,15,0,7/6/2009 9:00
Denmark,66,0,7/6/2009 9:00
Dominica,1,0,7/6/2009 9:00
Dominican Republic,108,2,7/6/2009 9:00
Ecuador,204,0,7/6/2009 9:00
Egypt,78,0,7/6/2009 9:00
El Salvador,319,0,7/6/2009 9:00
Estonia,13,0,7/6/2009 9:00
Ethiopia,3,0,7/6/2009 9:00
Fiji,2,0,7/6/2009 9:00
Finland,47,0,7/6/2009 9:00
France,310,0,7/6/2009 9:00
"     French Polynesia, FOC",4,0,7/6/2009 9:00
"     Guadaloupe, FOC",2,0,7/6/2009 9:00
"     Martinique, FOC",3,0,7/6/2009 9:00
"     New Caledonia, FOC",12,0,7/6/2009 9:00
"     Saint Martin, FOC",1,0,7/6/2009 9:00
Germany,505,0,7/6/2009 9:00
Greece,151,0,7/6/2009 9:00
Guatemala ,286,2,7/6/2009 9:00
Guyana,2,0,7/6/2009 9:00
Honduras,123,1,7/6/2009 9:00
Hungary,11,0,7/6/2009 9:00
Iceland,4,0,7/6/2009 9:00
India,129,0,7/6/2009 9:00
Indonesia,20,0,7/6/2009 9:00
"Iran, Islamic Republic",1,0,7/6/2009 9:00
Iraq,12,0,7/6/2009 9:00
Ireland,74,0,7/6/2009 9:00
Israel,681,0,7/6/2009 9:00
Italy,146,0,7/6/2009 9:00
Jamaica,32,0,7/6/2009 9:00
Japan,1790,0,7/6/2009 9:00
Jordan,23,0,7/6/2009 9:00
Kenya,15,0,7/6/2009 9:00
"Korea, Republic of",202,0,7/6/2009 9:00
Kuwait,35,0,7/6/2009 9:00
Laos,5,0,7/6/2009 9:00
Latvia,1,0,7/6/2009 9:00
Lebanon,49,0,7/6/2009 9:00
Libya,1,0,7/6/2009 9:00
Lithuania,3,0,7/6/2009 9:00
Luxembourg,6,0,7/6/2009 9:00
Malaysia,112,0,7/6/2009 9:00
Malta,24,0,7/6/2009 9:00
Mauritius,1,0,7/6/2009 9:00
Mexico,10262,119,7/6/2009 9:00
Montenegro,10,0,7/6/2009 9:00
Morocco,17,0,7/6/2009 9:00
Myanmar,1,0,7/6/2009 9:00
Nepal,5,0,7/6/2009 9:00
Netherlands,135,0,7/6/2009 9:00
"     Netherlands, Aruba",5,0,7/6/2009 9:00
"     Netherlands Antilles, Curaçao",8,0,7/6/2009 9:00
"     Netherlands Antilles, Sint Maarten",7,0,7/6/2009 9:00
New Zealand,1059,3,7/6/2009 9:00
Nicaragua,321,0,7/6/2009 9:00
Norway,41,0,7/6/2009 9:00
Oman,4,0,7/6/2009 9:00
Palau,1,0,7/6/2009 9:00
Panama,417,0,7/6/2009 9:00
Papua New Guinea,1,0,7/6/2009 9:00
Paraguay,106,1,7/6/2009 9:00
Peru,916,0,7/6/2009 9:00
Philippines,1709,1,7/6/2009 9:00
Poland,25,0,7/6/2009 9:00
Portugal,42,0,7/6/2009 9:00
Qatar,23,0,7/6/2009 9:00
Romania,41,0,7/6/2009 9:00
Russia,3,0,7/6/2009 9:00
Saint Lucia,1,0,7/6/2009 9:00
Samoa,1,0,7/6/2009 9:00
Saudi Arabia,114,0,7/6/2009 9:00
Serbia,15,0,7/6/2009 9:00
Singapore,1055,0,7/6/2009 9:00
Slovakia,18,0,7/6/2009 9:00
Slovenia,14,0,7/6/2009 9:00
South Africa,18,0,7/6/2009 9:00
Spain,776,1,7/6/2009 9:00
Sri Lanka,19,0,7/6/2009 9:00
Suriname,11,0,7/6/2009 9:00
Sweden,84,0,7/6/2009 9:00
Switzerland,76,0,7/6/2009 9:00
Syria,1,0,7/6/2009 9:00
Thailand,2076,7,7/6/2009 9:00
The former Yugoslav Republic of Macedonia,2,0,7/6/2009 9:00
Trinidad and Tobago,65,0,7/6/2009 9:00
Tunisia,5,0,7/6/2009 9:00
Turkey,40,0,7/6/2009 9:00
Uganda,1,0,7/6/2009 9:00
Ukraine,1,0,7/6/2009 9:00
United Arab Emirates,8,0,7/6/2009 9:00
United Kingdom,7447,3,7/6/2009 9:00
"     Guernsey, Crown Dependency",5,0,7/6/2009 9:00
"     Isle of Man, Crown Dependency",1,0,7/6/2009 9:00
"     Jersey, Crown Dependency",11,0,7/6/2009 9:00
United States of America,33902,170,7/6/2009 9:00
     Puerto Rico,18,0,7/6/2009 9:00
     Virgin Islands,1,0,7/6/2009 9:00
Uruguay,195,4,7/6/2009 9:00
Vanuatu,2,0,7/6/2009 9:00
Venezuela,206,0,7/6/2009 9:00
Viet Nam,181,0,7/6/2009 9:00
West Bank and Gaza Strip,60,0,7/6/2009 9:00
Yemen,8,0,7/6/2009 9:00
Grand Total,94512,429,7/6/2009 9:00
Algeria,5,0,7/3/2009 9:00
Antigua and Barbuda,2,0,7/3/2009 9:00
Argentina,1587,26,7/3/2009 9:00
Australia,4568,9,7/3/2009 9:00
Austria,15,0,7/3/2009 9:00
Bahamas,6,0,7/3/2009 9:00
Bahrain,15,0,7/3/2009 9:00
Bangladesh,12,0,7/3/2009 9:00
Barbados,12,0,7/3/2009 9:00
Belgium,49,0,7/3/2009 9:00
"Bermuda, UKOT",1,0,7/3/2009 9:00
Bolivia,283,0,7/3/2009 9:00
Bosnia and Hezegovina,1,0,7/3/2009 9:00
Brazil,737,1,7/3/2009 9:00
"British Virgin Islands, UKOT",2,0,7/3/2009 9:00
Brunei Darussalam,85,0,7/3/2009 9:00
Bulgaria,10,0,7/3/2009 9:00
Cambodia,7,0,7/3/2009 9:00
Canada,7983,25,7/3/2009 9:00
Cap Verde,3,0,7/3/2009 9:00
"Cayman Islands, UKOT",14,0,7/3/2009 9:00
Chile,7376,14,7/3/2009 9:00
China,1814,0,7/3/2009 9:00
Colombia,101,2,7/3/2009 9:00
Costa Rica*,227,2,7/3/2009 9:00
Cote d'Ivoire,2,0,7/3/2009 9:00
Cuba,73,0,7/3/2009 9:00
Cyprus,70,0,7/3/2009 9:00
Czech Republic,15,0,7/3/2009 9:00
Denmark,63,0,7/3/2009 9:00
Dominica,1,0,7/3/2009 9:00
Dominican Republic,108,2,7/3/2009 9:00
Ecuador,163,0,7/3/2009 9:00
Egypt,67,0,7/3/2009 9:00
El Salvador,253,0,7/3/2009 9:00
Estonia,13,0,7/3/2009 9:00
Ethiopia,3,0,7/3/2009 9:00
Fiji,2,0,7/3/2009 9:00
Finland,43,0,7/3/2009 9:00
France,300,0,7/3/2009 9:00
"    French Polynesia, FOC",2,0,7/3/2009 9:00
"    Martinique, FOC",2,0,7/3/2009 9:00
"    France, New Caledonia, FOC",6,0,7/3/2009 9:00
Germany,470,0,7/3/2009 9:00
Greece,109,0,7/3/2009 9:00
Guatemala ,254,2,7/3/2009 9:00
Honduras,123,1,7/3/2009 9:00
Hungary,11,0,7/3/2009 9:00
Iceland,4,0,7/3/2009 9:00
India,104,0,7/3/2009 9:00
Indonesia,8,0,7/3/2009 9:00
Iran,1,0,7/3/2009 9:00
Iraq,11,0,7/3/2009 9:00
Ireland,51,0,7/3/2009 9:00
Israel,577,0,7/3/2009 9:00
Italy,130,0,7/3/2009 9:00
Jamaica,32,0,7/3/2009 9:00
Japan,1446,0,7/3/2009 9:00
Jordan,22,0,7/3/2009 9:00
Kenya,12,0,7/3/2009 9:00
"Korea, Republic of",202,0,7/3/2009 9:00
Kuwait,35,0,7/3/2009 9:00
Laos,3,0,7/3/2009 9:00
Latvia,1,0,7/3/2009 9:00
Lebanon,47,0,7/3/2009 9:00
Lithuania,3,0,7/3/2009 9:00
Luxembourg,4,0,7/3/2009 9:00
Malaysia,112,0,7/3/2009 9:00
Malta,2,0,7/3/2009 9:00
Mauritius,1,0,7/3/2009 9:00
Mexico,10262,119,7/3/2009 9:00
Montenegro,9,0,7/3/2009 9:00
Morocco,17,0,7/3/2009 9:00
Myanmar,1,0,7/3/2009 9:00
Nepal,5,0,7/3/2009 9:00
Netherlands,134,0,7/3/2009 9:00
"     Netherlands, Aruba",5,0,7/3/2009 9:00
"     Netherlands Antilles, Curaçao",8,0,7/3/2009 9:00
"     Netherlands Antilles, Sint Maarten",7,0,7/3/2009 9:00
New Zealand,912,0,7/3/2009 9:00
Nicaragua,308,0,7/3/2009 9:00
Norway,41,0,7/3/2009 9:00
Oman,3,0,7/3/2009 9:00
Palau,1,0,7/3/2009 9:00
Panama,417,0,7/3/2009 9:00
Papua New Guinea,1,0,7/3/2009 9:00
Paraguay,103,0,7/3/2009 9:00
Peru,538,0,7/3/2009 9:00
Philippines,1709,1,7/3/2009 9:00
Poland,19,0,7/3/2009 9:00
Portugal,27,0,7/3/2009 9:00
Qatar,10,0,7/3/2009 9:00
Romania,36,0,7/3/2009 9:00
Russia,3,0,7/3/2009 9:00
Saint Lucia,1,0,7/3/2009 9:00
Samoa,1,0,7/3/2009 9:00
Saudi Arabia,89,0,7/3/2009 9:00
Serbia,15,0,7/3/2009 9:00
Singapore,878,0,7/3/2009 9:00
Slovakia,18,0,7/3/2009 9:00
Slovenia,5,0,7/3/2009 9:00
South Africa,12,0,7/3/2009 9:00
Spain,760,1,7/3/2009 9:00
Sri Lanka,17,0,7/3/2009 9:00
Suriname,11,0,7/3/2009 9:00
Sweden,74,0,7/3/2009 9:00
Switzerland,72,0,7/3/2009 9:00
Thailand,1414,3,7/3/2009 9:00
Trinidad and Tobago,53,0,7/3/2009 9:00
Tunisia,3,0,7/3/2009 9:00
Turkey,40,0,7/3/2009 9:00
Uganda,1,0,7/3/2009 9:00
Ukraine,1,0,7/3/2009 9:00
United Arab Emirates,8,0,7/3/2009 9:00
United Kingdom,7447,3,7/3/2009 9:00
"     Guernsey, Crown Dependency",5,0,7/3/2009 9:00
"     Isle of Man, Crown Dependency",1,0,7/3/2009 9:00
"     Jersey, Crown Dependency",11,0,7/3/2009 9:00
United States of America,33902,170,7/3/2009 9:00
Uruguay,195,1,7/3/2009 9:00
Vanuatu,2,0,7/3/2009 9:00
Venezuela,204,0,7/3/2009 9:00
Viet Nam,131,0,7/3/2009 9:00
West Bank and Gaza Strip,30,0,7/3/2009 9:00
Yemen,7,0,7/3/2009 9:00
Grand Total,89921,382,7/3/2009 9:00
Algeria,2,0,7/1/2009 9:00
Antigua and Barbuda,2,0,7/1/2009 9:00
Argentina,1587,26,7/1/2009 9:00
Australia,4090,7,7/1/2009 9:00
Austria,15,0,7/1/2009 9:00
Bahamas,6,0,7/1/2009 9:00
Bahrain,15,0,7/1/2009 9:00
Bangladesh,1,0,7/1/2009 9:00
Barbados,10,0,7/1/2009 9:00
Belgium,47,0,7/1/2009 9:00
"Bermuda, UKOT",1,0,7/1/2009 9:00
Bolivia,205,0,7/1/2009 9:00
Brazil,680,1,7/1/2009 9:00
"British Virgin Islands, UKOT",1,0,7/1/2009 9:00
Brunei Darussalam,29,0,7/1/2009 9:00
Bulgaria,10,0,7/1/2009 9:00
Cambodia,6,0,7/1/2009 9:00
Canada,7983,25,7/1/2009 9:00
Cap Verde,3,0,7/1/2009 9:00
"Cayman Islands, UKOT",13,0,7/1/2009 9:00
Chile,6211,12,7/1/2009 9:00
China,1518,0,7/1/2009 9:00
Colombia,93,2,7/1/2009 9:00
Costa Rica,279,2,7/1/2009 9:00
Cote d'Ivoire,2,0,7/1/2009 9:00
Cuba,46,0,7/1/2009 9:00
Cyprus,48,0,7/1/2009 9:00
Czech Republic,9,0,7/1/2009 9:00
Denmark,55,0,7/1/2009 9:00
Dominica,1,0,7/1/2009 9:00
Dominican Republic,108,2,7/1/2009 9:00
Ecuador,163,0,7/1/2009 9:00
Egypt,67,0,7/1/2009 9:00
El Salvador,226,0,7/1/2009 9:00
Estonia,13,0,7/1/2009 9:00
Ethiopia,2,0,7/1/2009 9:00
Fiji,2,0,7/1/2009 9:00
Finland,26,0,7/1/2009 9:00
France,277,0,7/1/2009 9:00
"    French Polynesia, FOC",2,0,7/1/2009 9:00
"    Martinique, FOC",2,0,7/1/2009 9:00
"    France, New Caledonia, FOC",6,0,7/1/2009 9:00
Germany,417,0,7/1/2009 9:00
Greece,92,0,7/1/2009 9:00
Guatemala ,254,2,7/1/2009 9:00
Honduras,118,1,7/1/2009 9:00
Hungary,10,0,7/1/2009 9:00
Iceland,4,0,7/1/2009 9:00
India,104,0,7/1/2009 9:00
Indonesia,8,0,7/1/2009 9:00
Iran,1,0,7/1/2009 9:00
Iraq,11,0,7/1/2009 9:00
Ireland,41,0,7/1/2009 9:00
Israel,506,0,7/1/2009 9:00
Italy,123,0,7/1/2009 9:00
Jamaica,32,0,7/1/2009 9:00
Japan,1266,0,7/1/2009 9:00
Jordan,20,0,7/1/2009 9:00
Kenya,1,0,7/1/2009 9:00
"Korea, Republic of",202,0,7/1/2009 9:00
Kuwait,34,0,7/1/2009 9:00
Laos,3,0,7/1/2009 9:00
Latvia,1,0,7/1/2009 9:00
Lebanon,39,0,7/1/2009 9:00
Lithuania,1,0,7/1/2009 9:00
Luxembourg,4,0,7/1/2009 9:00
Malaysia,112,0,7/1/2009 9:00
Mauritius,7,0,7/1/2009 9:00
Mexico,8680,116,7/1/2009 9:00
Montenegro,4,0,7/1/2009 9:00
Morocco,17,0,7/1/2009 9:00
Myanmar,1,0,7/1/2009 9:00
Nepal,3,0,7/1/2009 9:00
Netherlands,128,0,7/1/2009 9:00
"     Netherlands Antilles, Curaçao",7,0,7/1/2009 9:00
"     Netherlands Antilles, Sint Maarten",7,0,7/1/2009 9:00
New Zealand,711,0,7/1/2009 9:00
Nicaragua,293,0,7/1/2009 9:00
Norway,32,0,7/1/2009 9:00
Oman,3,0,7/1/2009 9:00
Panama,417,0,7/1/2009 9:00
Papua New Guinea,1,0,7/1/2009 9:00
Paraguay,96,0,7/1/2009 9:00
Peru,538,0,7/1/2009 9:00
Philippines,861,1,7/1/2009 9:00
Poland,15,0,7/1/2009 9:00
Portugal,17,0,7/1/2009 9:00
Qatar,10,0,7/1/2009 9:00
Romania,28,0,7/1/2009 9:00
Russia,3,0,7/1/2009 9:00
Saint Lucia,1,0,7/1/2009 9:00
Samoa,1,0,7/1/2009 9:00
Saudi Arabia,81,0,7/1/2009 9:00
Serbia,12,0,7/1/2009 9:00
Singapore,701,0,7/1/2009 9:00
Slovakia,13,0,7/1/2009 9:00
Slovenia,4,0,7/1/2009 9:00
South Africa,1,0,7/1/2009 9:00
Spain,717,1,7/1/2009 9:00
Sri Lanka,15,0,7/1/2009 9:00
Suriname,11,0,7/1/2009 9:00
Sweden,69,0,7/1/2009 9:00
Switzerland,56,0,7/1/2009 9:00
Thailand,1414,3,7/1/2009 9:00
Trinidad and Tobago,53,0,7/1/2009 9:00
Tunisia,3,0,7/1/2009 9:00
Turkey,32,0,7/1/2009 9:00
Ukraine,1,0,7/1/2009 9:00
United Arab Emirates,8,0,7/1/2009 9:00
United Kingdom,6538,3,7/1/2009 9:00
"     Guernsey, Crown Dependency",5,0,7/1/2009 9:00
"     Isle of Man, Crown Dependency",1,0,7/1/2009 9:00
"     Jersey, Crown Dependency",8,0,7/1/2009 9:00
United States of America,27717,127,7/1/2009 9:00
Uruguay,195,1,7/1/2009 9:00
Vanuatu,2,0,7/1/2009 9:00
Venezuela,193,0,7/1/2009 9:00
Viet Nam,123,0,7/1/2009 9:00
West Bank and Gaza Strip,13,0,7/1/2009 9:00
Yemen,7,0,7/1/2009 9:00
Grand Total,77201,332,7/1/2009 9:00
Algeria,2,0,6/29/2009 9:00
Antigua and Barbuda,2,0,6/29/2009 9:00
Argentina,1488,23,6/29/2009 9:00
Australia,4038,7,6/29/2009 9:00
Austria,12,0,6/29/2009 9:00
Bahamas,4,0,6/29/2009 9:00
Bahrain,15,0,6/29/2009 9:00
Bangladesh,1,0,6/29/2009 9:00
Barbados,10,0,6/29/2009 9:00
Belgium,43,0,6/29/2009 9:00
"Bermuda, UKOT",1,0,6/29/2009 9:00
Bolivia,126,0,6/29/2009 9:00
Brazil,452,0,6/29/2009 9:00
"British Virgin Islands, UKOT",1,0,6/29/2009 9:00
Brunei Darussalam,29,0,6/29/2009 9:00
Bulgaria,7,0,6/29/2009 9:00
Cambodia,6,0,6/29/2009 9:00
Canada,7775,21,6/29/2009 9:00
Cap Verde,3,0,6/29/2009 9:00
"Cayman Islands, UKOT",9,0,6/29/2009 9:00
Chile,5186,7,6/29/2009 9:00
China,1442,0,6/29/2009 9:00
Colombia,88,2,6/29/2009 9:00
Costa Rica,255,1,6/29/2009 9:00
Cote d'Ivoire,2,0,6/29/2009 9:00
Cuba,34,0,6/29/2009 9:00
Cyprus,25,0,6/29/2009 9:00
Czech Republic,9,0,6/29/2009 9:00
Denmark,44,0,6/29/2009 9:00
Dominica,1,0,6/29/2009 9:00
Dominican Republic,108,2,6/29/2009 9:00
Ecuador,125,0,6/29/2009 9:00
Egypt,50,0,6/29/2009 9:00
El Salvador,226,0,6/29/2009 9:00
Estonia,13,0,6/29/2009 9:00
Ethiopia,2,0,6/29/2009 9:00
Fiji,2,0,6/29/2009 9:00
Finland,26,0,6/29/2009 9:00
France,235,0,6/29/2009 9:00
"    French Polynesia, FOC",3,0,6/29/2009 9:00
"    Martinique, FOC",2,0,6/29/2009 9:00
Germany,366,0,6/29/2009 9:00
Greece,86,0,6/29/2009 9:00
Guatemala ,254,2,6/29/2009 9:00
Honduras,118,1,6/29/2009 9:00
Hungary,8,0,6/29/2009 9:00
Iceland,4,0,6/29/2009 9:00
India,64,0,6/29/2009 9:00
Indonesia,8,0,6/29/2009 9:00
Iran,1,0,6/29/2009 9:00
Iraq,10,0,6/29/2009 9:00
Ireland,39,0,6/29/2009 9:00
Israel,469,0,6/29/2009 9:00
Italy,112,0,6/29/2009 9:00
Jamaica,21,0,6/29/2009 9:00
Japan,1212,0,6/29/2009 9:00
Jordan,18,0,6/29/2009 9:00
"Korea, Republic of",202,0,6/29/2009 9:00
Kuwait,30,0,6/29/2009 9:00
Laos,3,0,6/29/2009 9:00
Latvia,1,0,6/29/2009 9:00
Lebanon,25,0,6/29/2009 9:00
Lithuania,1,0,6/29/2009 9:00
Luxembourg,4,0,6/29/2009 9:00
Malaysia,112,0,6/29/2009 9:00
Mexico,8279,116,6/29/2009 9:00
Monaco,1,0,6/29/2009 9:00
Montenegro,1,0,6/29/2009 9:00
Morocco,11,0,6/29/2009 9:00
Nepal,3,0,6/29/2009 9:00
Netherlands,118,0,6/29/2009 9:00
"     Netherlands Antilles, Curaçao *",3,0,6/29/2009 9:00
"     Netherlands Antilles, Sint Maarten",1,0,6/29/2009 9:00
New Zealand,587,0,6/29/2009 9:00
Nicaragua,277,0,6/29/2009 9:00
Norway,31,0,6/29/2009 9:00
Oman,3,0,6/29/2009 9:00
Panama,403,0,6/29/2009 9:00
Papua New Guinea,1,0,6/29/2009 9:00
Paraguay,85,0,6/29/2009 9:00
Peru,360,0,6/29/2009 9:00
Philippines,861,1,6/29/2009 9:00
Poland,14,0,6/29/2009 9:00
Portugal,11,0,6/29/2009 9:00
Qatar,10,0,6/29/2009 9:00
Romania,24,0,6/29/2009 9:00
Russia,3,0,6/29/2009 9:00
Samoa,1,0,6/29/2009 9:00
Saudi Arabia,69,0,6/29/2009 9:00
Serbia,5,0,6/29/2009 9:00
Singapore,599,0,6/29/2009 9:00
Slovakia,9,0,6/29/2009 9:00
Slovenia,4,0,6/29/2009 9:00
South Africa,1,0,6/29/2009 9:00
Spain,541,0,6/29/2009 9:00
Sri Lanka,9,0,6/29/2009 9:00
Suriname,11,0,6/29/2009 9:00
Sweden,67,0,6/29/2009 9:00
Switzerland,49,0,6/29/2009 9:00
Thailand,774,0,6/29/2009 9:00
Trinidad and Tobago,53,0,6/29/2009 9:00
Tunisia,2,0,6/29/2009 9:00
Turkey,27,0,6/29/2009 9:00
Ukraine,1,0,6/29/2009 9:00
United Arab Emirates,8,0,6/29/2009 9:00
United Kingdom,4250,1,6/29/2009 9:00
"     Guernsey, Crown Dependency",1,0,6/29/2009 9:00
"     Isle of Man, Crown Dependency",1,0,6/29/2009 9:00
"     Jersey, Crown Dependency",8,0,6/29/2009 9:00
United States of America,27717,127,6/29/2009 9:00
Uruguay,195,0,6/29/2009 9:00
Vanuatu,2,0,6/29/2009 9:00
Venezuela,172,0,6/29/2009 9:00
Viet Nam,84,0,6/29/2009 9:00
West Bank and Gaza Strip,9,0,6/29/2009 9:00
Yemen,6,0,6/29/2009 9:00
Algeria,2,0,6/26/2009 7:00
Antigua and Barbuda,2,0,6/26/2009 7:00
Argentina,1391,21,6/26/2009 7:00
Australia,3280,3,6/26/2009 7:00
Austria,12,0,6/26/2009 7:00
Bahamas,4,0,6/26/2009 7:00
Bahrain,15,0,6/26/2009 7:00
Bangladesh,1,0,6/26/2009 7:00
Barbados,10,0,6/26/2009 7:00
Belgium,36,0,6/26/2009 7:00
"Bermuda, UKOT",1,0,6/26/2009 7:00
Bolivia,47,0,6/26/2009 7:00
Brazil,399,0,6/26/2009 7:00
"British Virgin Islands, UKOT",1,0,6/26/2009 7:00
Brunei Darussalam,11,0,6/26/2009 7:00
Bulgaria,7,0,6/26/2009 7:00
Cambodia,5,0,6/26/2009 7:00
Canada,6732,19,6/26/2009 7:00
Cap Verde,3,0,6/26/2009 7:00
"Cayman Islands, UKOT",9,0,6/26/2009 7:00
Chile,5186,7,6/26/2009 7:00
China,1089,0,6/26/2009 7:00
Colombia,72,2,6/26/2009 7:00
Costa Rica,222,1,6/26/2009 7:00
Cote d'Ivoire,2,0,6/26/2009 7:00
Cuba,34,0,6/26/2009 7:00
Cyprus,9,0,6/26/2009 7:00
Czech Republic,9,0,6/26/2009 7:00
Denmark,41,0,6/26/2009 7:00
Dominica,1,0,6/26/2009 7:00
Dominican Republic,108,2,6/26/2009 7:00
Ecuador,125,0,6/26/2009 7:00
Egypt,43,0,6/26/2009 7:00
El Salvador,160,0,6/26/2009 7:00
Estonia,8,0,6/26/2009 7:00
Ethiopia,2,0,6/26/2009 7:00
Fiji,2,0,6/26/2009 7:00
Finland,26,0,6/26/2009 7:00
France,191,0,6/26/2009 7:00
"    French Polynesia, FOC",1,0,6/26/2009 7:00
"    Martinique, FOC",2,0,6/26/2009 7:00
Germany,333,0,6/26/2009 7:00
Greece,73,0,6/26/2009 7:00
Guatemala ,254,2,6/26/2009 7:00
Honduras,118,1,6/26/2009 7:00
Hungary,8,0,6/26/2009 7:00
Iceland,4,0,6/26/2009 7:00
India,64,0,6/26/2009 7:00
Indonesia,2,0,6/26/2009 7:00
Iran,1,0,6/26/2009 7:00
Ireland,29,0,6/26/2009 7:00
Israel,405,0,6/26/2009 7:00
Italy,102,0,6/26/2009 7:00
Jamaica,19,0,6/26/2009 7:00
Japan,1049,0,6/26/2009 7:00
Jordan,15,0,6/26/2009 7:00
"Korea, Republic of",142,0,6/26/2009 7:00
Kuwait,30,0,6/26/2009 7:00
Laos,3,0,6/26/2009 7:00
Latvia,1,0,6/26/2009 7:00
Lebanon,25,0,6/26/2009 7:00
Luxembourg,3,0,6/26/2009 7:00
Malaysia,68,0,6/26/2009 7:00
Mexico,8279,116,6/26/2009 7:00
Montenegro,1,0,6/26/2009 7:00
Morocco,11,0,6/26/2009 7:00
Netherlands,116,0,6/26/2009 7:00
"     Netherlands Antilles, Curaçao *",3,0,6/26/2009 7:00
"     Netherlands Antilles, Sint Maarten",1,0,6/26/2009 7:00
New Zealand,453,0,6/26/2009 7:00
Nicaragua,265,0,6/26/2009 7:00
Norway,22,0,6/26/2009 7:00
Oman,3,0,6/26/2009 7:00
Panama,358,0,6/26/2009 7:00
Papua New Guinea,1,0,6/26/2009 7:00
Paraguay,79,0,6/26/2009 7:00
Peru,252,0,6/26/2009 7:00
Philippines,445,1,6/26/2009 7:00
Poland,13,0,6/26/2009 7:00
Portugal,7,0,6/26/2009 7:00
Qatar,10,0,6/26/2009 7:00
Romania,19,0,6/26/2009 7:00
Russia,3,0,6/26/2009 7:00
Samoa,1,0,6/26/2009 7:00
Saudi Arabia,48,0,6/26/2009 7:00
Serbia,2,0,6/26/2009 7:00
Singapore,315,0,6/26/2009 7:00
Slovakia,7,0,6/26/2009 7:00
Slovenia,3,0,6/26/2009 7:00
South Africa,1,0,6/26/2009 7:00
Spain,541,0,6/26/2009 7:00
Sri Lanka,7,0,6/26/2009 7:00
Suriname,11,0,6/26/2009 7:00
Sweden,61,0,6/26/2009 7:00
Switzerland,47,0,6/26/2009 7:00
Thailand,774,0,6/26/2009 7:00
Trinidad and Tobago,25,0,6/26/2009 7:00
Tunisia,2,0,6/26/2009 7:00
Turkey,26,0,6/26/2009 7:00
Ukraine,1,0,6/26/2009 7:00
United Arab Emirates,7,0,6/26/2009 7:00
United Kingdom,3597,1,6/26/2009 7:00
"     Guernsey, Crown Dependency",1,0,6/26/2009 7:00
"     Isle of Man, Crown Dependency",1,0,6/26/2009 7:00
"     Jersey, Crown Dependency",8,0,6/26/2009 7:00
United States of America,21449,87,6/26/2009 7:00
Uruguay,195,0,6/26/2009 7:00
Vanuatu,2,0,6/26/2009 7:00
Venezuela,153,0,6/26/2009 7:00
Viet Nam,63,0,6/26/2009 7:00
West Bank and Gaza Strip,9,0,6/26/2009 7:00
Yemen,6,0,6/26/2009 7:00
Grand Total,59814,263,6/26/2009 7:00
Algeria,2,0,6/24/2009 7:00
Antigua and Barbuda,2,0,6/24/2009 7:00
Argentina,1213,7,6/24/2009 7:00
Australia,2857,2,6/24/2009 7:00
Austria,12,0,6/24/2009 7:00
Bahamas,4,0,6/24/2009 7:00
Bahrain,15,0,6/24/2009 7:00
Bangladesh,1,0,6/24/2009 7:00
Barbados,5,0,6/24/2009 7:00
Belgium,30,0,6/24/2009 7:00
"Bermuda, UKOT",1,0,6/24/2009 7:00
Bolivia,44,0,6/24/2009 7:00
Brazil,334,0,6/24/2009 7:00
"British Virgin Islands, UKOT",1,0,6/24/2009 7:00
Brunei Darussalam,4,0,6/24/2009 7:00
Bulgaria,5,0,6/24/2009 7:00
Cambodia,1,0,6/24/2009 7:00
Canada,6457,15,6/24/2009 7:00
Cap Verde,3,0,6/24/2009 7:00
"Cayman Islands, UKOT",7,0,6/24/2009 7:00
Chile,4315,4,6/24/2009 7:00
China,906,0,6/24/2009 7:00
Colombia,71,2,6/24/2009 7:00
Costa Rica,189,1,6/24/2009 7:00
Cote d'Ivoire,2,0,6/24/2009 7:00
Cuba,15,0,6/24/2009 7:00
Cyprus,5,0,6/24/2009 7:00
Czech Republic,7,0,6/24/2009 7:00
Denmark,34,0,6/24/2009 7:00
Dominica,1,0,6/24/2009 7:00
Dominican Republic,108,2,6/24/2009 7:00
Ecuador,115,0,6/24/2009 7:00
Egypt,40,0,6/24/2009 7:00
El Salvador,160,0,6/24/2009 7:00
Estonia,5,0,6/24/2009 7:00
Ethiopia,2,0,6/24/2009 7:00
Fiji,2,0,6/24/2009 7:00
Finland,26,0,6/24/2009 7:00
France,171,0,6/24/2009 7:00
"    French Polynesia, FOC",1,0,6/24/2009 7:00
"    Martinique, FOC",2,0,6/24/2009 7:00
Germany,301,0,6/24/2009 7:00
Greece,58,0,6/24/2009 7:00
Guatemala ,235,1,6/24/2009 7:00
Honduras,118,0,6/24/2009 7:00
Hungary,7,0,6/24/2009 7:00
Iceland,4,0,6/24/2009 7:00
India,64,0,6/24/2009 7:00
Ireland,23,0,6/24/2009 7:00
Israel,375,0,6/24/2009 7:00
Italy,96,0,6/24/2009 7:00
Jamaica,19,0,6/24/2009 7:00
Japan,893,0,6/24/2009 7:00
Jordan,15,0,6/24/2009 7:00
"Korea, Republic of",115,0,6/24/2009 7:00
Kuwait,26,0,6/24/2009 7:00
Laos,3,0,6/24/2009 7:00
Latvia,1,0,6/24/2009 7:00
Lebanon,25,0,6/24/2009 7:00
Luxembourg,3,0,6/24/2009 7:00
Malaysia,68,0,6/24/2009 7:00
Mexico,7847,115,6/24/2009 7:00
Montenegro,1,0,6/24/2009 7:00
Morocco,9,0,6/24/2009 7:00
Netherlands,110,0,6/24/2009 7:00
"     Netherlands Antilles, Curaçao *",3,0,6/24/2009 7:00
"     Netherlands Antilles, Sint Maarten",1,0,6/24/2009 7:00
New Zealand,386,0,6/24/2009 7:00
Nicaragua,220,0,6/24/2009 7:00
Norway,22,0,6/24/2009 7:00
Oman,3,0,6/24/2009 7:00
Panama,330,0,6/24/2009 7:00
Papua New Guinea,1,0,6/24/2009 7:00
Paraguay,58,0,6/24/2009 7:00
Peru,217,0,6/24/2009 7:00
Philippines,445,1,6/24/2009 7:00
Poland,13,0,6/24/2009 7:00
Portugal,6,0,6/24/2009 7:00
Qatar,10,0,6/24/2009 7:00
Romania,19,0,6/24/2009 7:00
Russia,3,0,6/24/2009 7:00
Samoa,1,0,6/24/2009 7:00
Saudi Arabia,45,0,6/24/2009 7:00
Singapore,194,0,6/24/2009 7:00
Slovakia,4,0,6/24/2009 7:00
Slovenia,1,0,6/24/2009 7:00
South Africa,1,0,6/24/2009 7:00
Spain,539,0,6/24/2009 7:00
Sri Lanka,5,0,6/24/2009 7:00
Suriname,11,0,6/24/2009 7:00
Sweden,55,0,6/24/2009 7:00
Switzerland,33,0,6/24/2009 7:00
Thailand,774,0,6/24/2009 7:00
Trinidad and Tobago,25,0,6/24/2009 7:00
Tunisia,2,0,6/24/2009 7:00
Turkey,26,0,6/24/2009 7:00
Ukraine,1,0,6/24/2009 7:00
United Arab Emirates,2,0,6/24/2009 7:00
United Kingdom,2905,1,6/24/2009 7:00
"     Isle of Man, Crown Dependency",1,0,6/24/2009 7:00
"     Jersey, Crown Dependency",3,0,6/24/2009 7:00
United States of America,21449,87,6/24/2009 7:00
Uruguay,195,0,6/24/2009 7:00
Vanuatu,1,,6/24/2009 7:00
Venezuela,135,0,6/24/2009 7:00
Viet Nam,56,0,6/24/2009 7:00
West Bank and Gaza Strip,8,0,6/24/2009 7:00
Yemen,6,0,6/24/2009 7:00
Grand Total,55867,238,6/24/2009 7:00
Algeria,1,0,6/22/2009 7:00
Argentina,1010,7,6/22/2009 7:00
Australia,2436,1,6/22/2009 7:00
Austria,9,0,6/22/2009 7:00
Bahamas,2,0,6/22/2009 7:00
Bahrain,15,0,6/22/2009 7:00
Bangladesh,1,0,6/22/2009 7:00
Barbados,4,0,6/22/2009 7:00
Belgium,29,0,6/22/2009 7:00
"Bermuda, UKOT",1,0,6/22/2009 7:00
Bolivia,25,0,6/22/2009 7:00
Brazil,131,0,6/22/2009 7:00
"British Virgin Islands, UKOT",1,0,6/22/2009 7:00
Brunei Darussalam,1,0,6/22/2009 7:00
Bulgaria,2,0,6/22/2009 7:00
Canada,5710,13,6/22/2009 7:00
"Cayman Islands, UKOT",4,0,6/22/2009 7:00
Chile,4315,4,6/22/2009 7:00
China,739,0,6/22/2009 7:00
Colombia,71,2,6/22/2009 7:00
Costa Rica,149,1,6/22/2009 7:00
Cuba,15,0,6/22/2009 7:00
Cyprus,4,0,6/22/2009 7:00
Czech Republic,7,0,6/22/2009 7:00
Denmark,23,0,6/22/2009 7:00
Dominica,1,0,6/22/2009 7:00
Dominican Republic,93,1,6/22/2009 7:00
Ecuador,95,0,6/22/2009 7:00
Egypt,39,0,6/22/2009 7:00
El Salvador,160,0,6/22/2009 7:00
Estonia,5,0,6/22/2009 7:00
Fiji,1,0,6/22/2009 7:00
Finland,13,0,6/22/2009 7:00
France,147,0,6/22/2009 7:00
"    French Polynesia, FOC",1,0,6/22/2009 7:00
"    Martinique, FOC",1,0,6/22/2009 7:00
Germany,275,0,6/22/2009 7:00
Greece,48,0,6/22/2009 7:00
Guatemala ,208,1,6/22/2009 7:00
Honduras,108,0,6/22/2009 7:00
Hungary,7,0,6/22/2009 7:00
Iceland,4,0,6/22/2009 7:00
India,44,0,6/22/2009 7:00
Ireland,23,0,6/22/2009 7:00
Israel,291,0,6/22/2009 7:00
Italy,88,0,6/22/2009 7:00
Jamaica,19,0,6/22/2009 7:00
Japan,850,0,6/22/2009 7:00
Jordan,13,0,6/22/2009 7:00
"Korea, Republic of",105,0,6/22/2009 7:00
Kuwait,26,0,6/22/2009 7:00
Laos,2,0,6/22/2009 7:00
Lebanon,12,0,6/22/2009 7:00
Luxembourg,3,0,6/22/2009 7:00
Malaysia,23,0,6/22/2009 7:00
Mexico,7624,113,6/22/2009 7:00
Morocco *,6,0,6/22/2009 7:00
Netherlands,91,0,6/22/2009 7:00
"     Netherlands Antilles, Curaçao **",3,0,6/22/2009 7:00
"     Netherlands Antilles, Sint Maarten",1,0,6/22/2009 7:00
New Zealand,258,0,6/22/2009 7:00
Nicaragua,189,0,6/22/2009 7:00
Norway,17,0,6/22/2009 7:00
Oman,3,0,6/22/2009 7:00
Panama,330,0,6/22/2009 7:00
Papua New Guinea,1,0,6/22/2009 7:00
Paraguay,48,0,6/22/2009 7:00
Peru,185,0,6/22/2009 7:00
Philippines,344,0,6/22/2009 7:00
Poland,13,0,6/22/2009 7:00
Portugal,6,0,6/22/2009 7:00
Qatar,8,0,6/22/2009 7:00
Romania,18,0,6/22/2009 7:00
Russia,3,0,6/22/2009 7:00
Samoa,1,0,6/22/2009 7:00
Saudi Arabia,35,0,6/22/2009 7:00
Singapore,142,0,6/22/2009 7:00
Slovakia,3,0,6/22/2009 7:00
Slovenia,1,0,6/22/2009 7:00
South Africa,1,0,6/22/2009 7:00
Spain,522,0,6/22/2009 7:00
Sri Lanka,4,0,6/22/2009 7:00
Suriname,11,0,6/22/2009 7:00
Sweden,48,0,6/22/2009 7:00
Switzerland,31,0,6/22/2009 7:00
Thailand,589,0,6/22/2009 7:00
Trinidad and Tobago,18,0,6/22/2009 7:00
Turkey,20,0,6/22/2009 7:00
Ukraine,1,0,6/22/2009 7:00
United Arab Emirates,2,0,6/22/2009 7:00
United Kingdom,2506,1,6/22/2009 7:00
"     Isle of Man, Crown Dependency",1,0,6/22/2009 7:00
"     Jersey, Crown Dependency",1,0,6/22/2009 7:00
United States of America,21449,87,6/22/2009 7:00
Uruguay,36,0,6/22/2009 7:00
Venezuela,71,0,6/22/2009 7:00
Viet Nam,35,0,6/22/2009 7:00
West Bank and Gaza Strip,8,0,6/22/2009 7:00
Yemen,5,0,6/22/2009 7:00
Grand Total,52160,231,6/22/2009 7:00
Argentina,918,4,6/19/2009 7:00
Australia,2199,0,6/19/2009 7:00
Austria,8,0,6/19/2009 7:00
Bahamas,2,0,6/19/2009 7:00
Bahrain,12,0,6/19/2009 7:00
Barbados,4,0,6/19/2009 7:00
Belgium,19,0,6/19/2009 7:00
"Bermuda, UKOT",1,0,6/19/2009 7:00
Bolivia,11,0,6/19/2009 7:00
Brazil,96,0,6/19/2009 7:00
"British Virgin Islands, UKOT",1,0,6/19/2009 7:00
Bulgaria,2,0,6/19/2009 7:00
Canada,4905,12,6/19/2009 7:00
"Cayman Islands, UKOT",4,0,6/19/2009 7:00
Chile,3125,2,6/19/2009 7:00
China,519,0,6/19/2009 7:00
Colombia,60,1,6/19/2009 7:00
Costa Rica,149,1,6/19/2009 7:00
Cuba,15,0,6/19/2009 7:00
Cyprus,1,0,6/19/2009 7:00
Czech Republic,5,0,6/19/2009 7:00
Denmark,22,0,6/19/2009 7:00
Dominica,1,0,6/19/2009 7:00
Dominican Republic,93,1,6/19/2009 7:00
Ecuador,86,0,6/19/2009 7:00
Egypt,29,0,6/19/2009 7:00
El Salvador,160,0,6/19/2009 7:00
Estonia,5,0,6/19/2009 7:00
Finland,13,0,6/19/2009 7:00
France,131,0,6/19/2009 7:00
"    French Polynesia, FOC",1,0,6/19/2009 7:00
"    Martinique, FOC",1,0,6/19/2009 7:00
Germany,238,0,6/19/2009 7:00
Greece,31,0,6/19/2009 7:00
Guatemala ,153,1,6/19/2009 7:00
Honduras,108,0,6/19/2009 7:00
Hungary,7,0,6/19/2009 7:00
Iceland,4,0,6/19/2009 7:00
India,30,0,6/19/2009 7:00
Ireland,16,0,6/19/2009 7:00
Israel,219,0,6/19/2009 7:00
Italy,88,0,6/19/2009 7:00
Jamaica,14,0,6/19/2009 7:00
Japan,690,0,6/19/2009 7:00
Jordan,2,0,6/19/2009 7:00
"Korea, Republic of",84,0,6/19/2009 7:00
Kuwait,18,0,6/19/2009 7:00
Laos,1,0,6/19/2009 7:00
Lebanon,12,0,6/19/2009 7:00
Luxembourg,2,0,6/19/2009 7:00
Malaysia,23,0,6/19/2009 7:00
Mexico,7624,113,6/19/2009 7:00
Morocco,8,0,6/19/2009 7:00
Netherlands,87,0,6/19/2009 7:00
"     Netherlands Antilles, Curaçao *",3,0,6/19/2009 7:00
"     Netherlands Antilles, Sint Maarten",1,0,6/19/2009 7:00
New Zealand,216,0,6/19/2009 7:00
Nicaragua,144,0,6/19/2009 7:00
Norway,17,0,6/19/2009 7:00
Oman,3,0,6/19/2009 7:00
Panama,272,0,6/19/2009 7:00
Papua New Guinea,1,0,6/19/2009 7:00
Paraguay,27,0,6/19/2009 7:00
Peru,141,0,6/19/2009 7:00
Philippines,311,0,6/19/2009 7:00
Poland,7,0,6/19/2009 7:00
Portugal,5,0,6/19/2009 7:00
Qatar,3,0,6/19/2009 7:00
Romania,18,0,6/19/2009 7:00
Russia,3,0,6/19/2009 7:00
Samoa,1,0,6/19/2009 7:00
Saudi Arabia,22,0,6/19/2009 7:00
Singapore,77,0,6/19/2009 7:00
Slovakia,3,0,6/19/2009 7:00
South Africa,1,0,6/19/2009 7:00
Spain,512,0,6/19/2009 7:00
Sri Lanka,1,0,6/19/2009 7:00
Suriname,11,0,6/19/2009 7:00
Sweden,43,0,6/19/2009 7:00
Switzerland,27,0,6/19/2009 7:00
Thailand,518,0,6/19/2009 7:00
Trinidad and Tobago,18,0,6/19/2009 7:00
Turkey,20,0,6/19/2009 7:00
Ukraine,1,0,6/19/2009 7:00
United Arab Emirates,2,0,6/19/2009 7:00
United Kingdom,1752,1,6/19/2009 7:00
"     Isle of Man, Crown Dependency",1,0,6/19/2009 7:00
"     Jersey, Crown Dependency",1,0,6/19/2009 7:00
United States of America,17855,44,6/19/2009 7:00
Uruguay,36,0,6/19/2009 7:00
Venezuela,60,0,6/19/2009 7:00
Viet Nam,27,0,6/19/2009 7:00
West Bank and Gaza Strip,5,0,6/19/2009 7:00
Yemen,4,0,6/19/2009 7:00
Grand Total,44287,180,6/19/2009 7:00
Argentina,733,1,6/17/2009 12:00
Australia,2112,0,6/17/2009 12:00
Austria,7,0,6/17/2009 12:00
Bahamas,2,0,6/17/2009 12:00
Bahrain,12,0,6/17/2009 12:00
Barbados,3,0,6/17/2009 12:00
Belgium,19,0,6/17/2009 12:00
"Bermuda, UKOT",1,0,6/17/2009 12:00
Bolivia,11,0,6/17/2009 12:00
Brazil,79,0,6/17/2009 12:00
"British Virgin Islands, UKOT",1,0,6/17/2009 12:00
Bulgaria,2,0,6/17/2009 12:00
Canada,4049,7,6/17/2009 12:00
"Cayman Islands, UKOT",4,0,6/17/2009 12:00
Chile,2335,2,6/17/2009 12:00
China,382,0,6/17/2009 12:00
Colombia,53,1,6/17/2009 12:00
Costa Rica,149,1,6/17/2009 12:00
Cuba,7,0,6/17/2009 12:00
Cyprus,1,0,6/17/2009 12:00
Czech Republic,4,0,6/17/2009 12:00
Denmark,15,0,6/17/2009 12:00
Dominica,1,0,6/17/2009 12:00
Dominican Republic,93,1,6/17/2009 12:00
Ecuador,86,0,6/17/2009 12:00
Egypt,26,0,6/17/2009 12:00
El Salvador,125,0,6/17/2009 12:00
Estonia,4,0,6/17/2009 12:00
Finland,12,0,6/17/2009 12:00
France,118,0,6/17/2009 12:00
"France, French Polynesia, FOC",1,0,6/17/2009 12:00
"France, Martinique, FOC",1,0,6/17/2009 12:00
Germany,195,0,6/17/2009 12:00
Greece,23,0,6/17/2009 12:00
Guatemala,128,1,6/17/2009 12:00
Honduras,100,0,6/17/2009 12:00
Hungary,4,0,6/17/2009 12:00
Iceland,4,0,6/17/2009 12:00
India,30,0,6/17/2009 12:00
Ireland,12,0,6/17/2009 12:00
Israel,152,0,6/17/2009 12:00
Italy,72,0,6/17/2009 12:00
Jamaica,12,0,6/17/2009 12:00
Japan,666,0,6/17/2009 12:00
Jordan,2,0,6/17/2009 12:00
"Korea, Republic of",65,0,6/17/2009 12:00
Kuwait,18,0,6/17/2009 12:00
Lebanon,11,0,6/17/2009 12:00
Luxembourg,2,0,6/17/2009 12:00
Malaysia,17,0,6/17/2009 12:00
Mexico,6241,108,6/17/2009 12:00
Morocco,3,0,6/17/2009 12:00
Netherlands,68,0,6/17/2009 12:00
"Netherlands, Curacao, OT",1,0,6/17/2009 12:00
New Zealand,127,0,6/17/2009 12:00
Nicaragua,118,0,6/17/2009 12:00
Norway,13,0,6/17/2009 12:00
Panama,272,0,6/17/2009 12:00
Paraguay,25,0,6/17/2009 12:00
Peru,112,0,6/17/2009 12:00
Philippines,193,0,6/17/2009 12:00
Poland,7,0,6/17/2009 12:00
Portugal,3,0,6/17/2009 12:00
Qatar,3,0,6/17/2009 12:00
Romania,16,0,6/17/2009 12:00
Russia,3,0,6/17/2009 12:00
Samoa,1,0,6/17/2009 12:00
Saudi Arabia,17,0,6/17/2009 12:00
Singapore,49,0,6/17/2009 12:00
Slovakia,3,0,6/17/2009 12:00
Spain,499,0,6/17/2009 12:00
Sri Lanka,1,0,6/17/2009 12:00
Sweden,37,0,6/17/2009 12:00
Switzerland,27,0,6/17/2009 12:00
Thailand,310,0,6/17/2009 12:00
Trinidad and Tobago,5,0,6/17/2009 12:00
Turkey,16,0,6/17/2009 12:00
Ukraine,1,0,6/17/2009 12:00
United Arab Emirates,1,0,6/17/2009 12:00
United Kingdom,1461,1,6/17/2009 12:00
"United Kingdom, Isle of Man, Crown Dependency",1,0,6/17/2009 12:00
"United Kingdom, Jersey, Crown Dependency",1,0,6/17/2009 12:00
United States of America*,17855,44,6/17/2009 12:00
Uruguay,36,0,6/17/2009 12:00
Venezuela,45,0,6/17/2009 12:00
Viet Nam,27,0,6/17/2009 12:00
West Bank and Gaza Strip,2,0,6/17/2009 12:00
Yemen,1,0,6/17/2009 12:00
Grand Total,39620,167,6/17/2009 12:00
Argentina,343,0,6/15/2009 17:00
Australia,1823,0,6/15/2009 17:00
Austria,7,0,6/15/2009 17:00
Bahamas,1,0,6/15/2009 17:00
Bahrain,1,0,6/15/2009 17:00
Barbados,3,0,6/15/2009 17:00
Belgium,17,0,6/15/2009 17:00
Bolivia,7,0,6/15/2009 17:00
Brazil,54,0,6/15/2009 17:00
Bulgaria,2,0,6/15/2009 17:00
Canada,2978,4,6/15/2009 17:00
"Cayman Islands, UKOT",2,0,6/15/2009 17:00
Chile,1694,2,6/15/2009 17:00
China,318,0,6/15/2009 17:00
Colombia,42,1,6/15/2009 17:00
Costa Rica,104,1,6/15/2009 17:00
Cuba,6,0,6/15/2009 17:00
Cyprus,1,0,6/15/2009 17:00
Czech Republic,4,0,6/15/2009 17:00
Denmark,12,0,6/15/2009 17:00
Dominica,1,0,6/15/2009 17:00
Dominican Republic,93,1,6/15/2009 17:00
Ecuador,80,0,6/15/2009 17:00
Egypt,18,0,6/15/2009 17:00
El Salvador,95,0,6/15/2009 17:00
Estonia,4,0,6/15/2009 17:00
Finland,4,0,6/15/2009 17:00
France,80,0,6/15/2009 17:00
Germany,170,0,6/15/2009 17:00
Greece,19,0,6/15/2009 17:00
Guatemala,119,1,6/15/2009 17:00
Honduras,89,0,6/15/2009 17:00
Hungary,4,0,6/15/2009 17:00
Iceland,4,0,6/15/2009 17:00
India,16,0,6/15/2009 17:00
Ireland,12,0,6/15/2009 17:00
Israel,117,0,6/15/2009 17:00
Italy,67,0,6/15/2009 17:00
Jamaica,11,0,6/15/2009 17:00
Japan,605,0,6/15/2009 17:00
"Korea, Republic of",65,0,6/15/2009 17:00
Kuwait,18,0,6/15/2009 17:00
Lebanon,8,0,6/15/2009 17:00
Luxembourg,1,0,6/15/2009 17:00
Malaysia,5,0,6/15/2009 17:00
Mexico,6241,108,6/15/2009 17:00
Morocco,1,0,6/15/2009 17:00
Netherlands,61,0,6/15/2009 17:00
New Zealand,86,0,6/15/2009 17:00
Nicaragua,56,0,6/15/2009 17:00
Norway,13,0,6/15/2009 17:00
Panama,272,0,6/15/2009 17:00
Paraguay,25,0,6/15/2009 17:00
Peru,91,0,6/15/2009 17:00
Philippines,77,0,6/15/2009 17:00
Poland,7,0,6/15/2009 17:00
Portugal,3,0,6/15/2009 17:00
Romania,13,0,6/15/2009 17:00
Russia,3,0,6/15/2009 17:00
Saudi Arabia,11,0,6/15/2009 17:00
Singapore,47,0,6/15/2009 17:00
Slovakia,3,0,6/15/2009 17:00
Spain,488,0,6/15/2009 17:00
Sweden,32,0,6/15/2009 17:00
Switzerland,22,0,6/15/2009 17:00
Thailand,29,0,6/15/2009 17:00
Trinidad and Tobago,5,0,6/15/2009 17:00
Turkey,10,0,6/15/2009 17:00
Ukraine,1,0,6/15/2009 17:00
United Arab Emirates,1,0,6/15/2009 17:00
United Kingdom,1226,0,6/15/2009 17:00
United States of America,17855,45,6/15/2009 17:00
Uruguay,36,0,6/15/2009 17:00
Venezuela,25,0,6/15/2009 17:00
Viet Nam,25,0,6/15/2009 17:00
West Bank and Gaza Strip,2,0,6/15/2009 17:00
Grand Total,35928,163,6/15/2009 17:00
Argentina,343,0,6/12/2009 7:00
Australia,1307,0,6/12/2009 7:00
Austria,7,0,6/12/2009 7:00
Bahamas,1,0,6/12/2009 7:00
Bahrain,1,0,6/12/2009 7:00
Barbados,3,0,6/12/2009 7:00
Belgium,14,0,6/12/2009 7:00
Bolivia,5,0,6/12/2009 7:00
Brazil,52,0,6/12/2009 7:00
Bulgaria,2,0,6/12/2009 7:00
Canada,2978,4,6/12/2009 7:00
"Cayman Islands, UKOT",2,0,6/12/2009 7:00
Chile,1694,2,6/12/2009 7:00
China,188,0,6/12/2009 7:00
Colombia,35,1,6/12/2009 7:00
Costa Rica,104,1,6/12/2009 7:00
Cuba,6,0,6/12/2009 7:00
Cyprus,1,0,6/12/2009 7:00
Czech Republic,4,0,6/12/2009 7:00
Denmark,11,0,6/12/2009 7:00
Dominica,1,0,6/12/2009 7:00
Dominican Republic,91,1,6/12/2009 7:00
Ecuador,67,0,6/12/2009 7:00
Egypt,10,0,6/12/2009 7:00
El Salvador,69,0,6/12/2009 7:00
Estonia,4,0,6/12/2009 7:00
Finland,4,0,6/12/2009 7:00
France,73,0,6/12/2009 7:00
Germany,95,0,6/12/2009 7:00
Greece,7,0,6/12/2009 7:00
Guatemala,74,1,6/12/2009 7:00
Honduras,89,0,6/12/2009 7:00
Hungary,4,0,6/12/2009 7:00
Iceland,4,0,6/12/2009 7:00
India,9,0,6/12/2009 7:00
Ireland,12,0,6/12/2009 7:00
Israel,68,0,6/12/2009 7:00
Italy,56,0,6/12/2009 7:00
Jamaica,11,0,6/12/2009 7:00
Japan,549,0,6/12/2009 7:00
"Korea, Republic of",53,0,6/12/2009 7:00
Kuwait,18,0,6/12/2009 7:00
Lebanon,8,0,6/12/2009 7:00
Luxembourg,1,0,6/12/2009 7:00
Malaysia,5,0,6/12/2009 7:00
Mexico,6241,108,6/12/2009 7:00
Netherlands,35,0,6/12/2009 7:00
New Zealand,27,0,6/12/2009 7:00
Nicaragua,56,0,6/12/2009 7:00
Norway,13,0,6/12/2009 7:00
Panama,221,0,6/12/2009 7:00
Paraguay,25,0,6/12/2009 7:00
Peru,79,0,6/12/2009 7:00
Philippines,77,0,6/12/2009 7:00
Poland,7,0,6/12/2009 7:00
Portugal,2,0,6/12/2009 7:00
Romania,11,0,6/12/2009 7:00
Russia,3,0,6/12/2009 7:00
Saudi Arabia,1,0,6/12/2009 7:00
Singapore,18,0,6/12/2009 7:00
Slovakia,3,0,6/12/2009 7:00
Spain,488,0,6/12/2009 7:00
Sweden,19,0,6/12/2009 7:00
Switzerland,20,0,6/12/2009 7:00
Thailand,8,0,6/12/2009 7:00
Trinidad and Tobago,4,0,6/12/2009 7:00
Turkey,10,0,6/12/2009 7:00
Ukraine,1,0,6/12/2009 7:00
United Arab Emirates,1,0,6/12/2009 7:00
United Kingdom,822,0,6/12/2009 7:00
United States of America,13217,27,6/12/2009 7:00
Uruguay,36,0,6/12/2009 7:00
Venezuela,25,0,6/12/2009 7:00
Viet Nam,23,0,6/12/2009 7:00
Grand Total,29669,145,6/12/2009 7:00
Argentina,256,0,6/11/2009 14:00
Australia,1307,0,6/11/2009 14:00
Austria,7,0,6/11/2009 14:00
Bahamas,1,0,6/11/2009 14:00
Bahrain,1,0,6/11/2009 14:00
Barbados,3,0,6/11/2009 14:00
Belgium,14,0,6/11/2009 14:00
Bolivia,5,0,6/11/2009 14:00
Brazil,40,0,6/11/2009 14:00
Bulgaria,2,0,6/11/2009 14:00
Canada,2446,4,6/11/2009 14:00
"Cayman Islands, UKOT",2,0,6/11/2009 14:00
Chile,1694,2,6/11/2009 14:00
China,174,0,6/11/2009 14:00
Colombia,35,1,6/11/2009 14:00
Costa Rica,104,1,6/11/2009 14:00
Cuba,5,0,6/11/2009 14:00
Cyprus,1,0,6/11/2009 14:00
Czech Republic,4,0,6/11/2009 14:00
Denmark,10,0,6/11/2009 14:00
Dominica,1,0,6/11/2009 14:00
Dominican Republic,91,1,6/11/2009 14:00
Ecuador,67,0,6/11/2009 14:00
Egypt,10,0,6/11/2009 14:00
El Salvador,69,0,6/11/2009 14:00
Estonia,4,0,6/11/2009 14:00
Finland,4,0,6/11/2009 14:00
France,73,0,6/11/2009 14:00
Germany,95,0,6/11/2009 14:00
Greece,7,0,6/11/2009 14:00
Guatemala,60,0,6/11/2009 14:00
Honduras,89,0,6/11/2009 14:00
Hungary,4,0,6/11/2009 14:00
Iceland,3,0,6/11/2009 14:00
India,9,0,6/11/2009 14:00
Ireland,12,0,6/11/2009 14:00
Israel,68,0,6/11/2009 14:00
Italy,54,0,6/11/2009 14:00
Jamaica,10,0,6/11/2009 14:00
Japan,518,0,6/11/2009 14:00
"Korea, Republic of",53,0,6/11/2009 14:00
Kuwait,18,0,6/11/2009 14:00
Lebanon,8,0,6/11/2009 14:00
Luxembourg,1,0,6/11/2009 14:00
Malaysia,5,0,6/11/2009 14:00
Mexico,6241,108,6/11/2009 14:00
Netherlands,30,0,6/11/2009 14:00
New Zealand,23,0,6/11/2009 14:00
Nicaragua,45,0,6/11/2009 14:00
Norway,13,0,6/11/2009 14:00
Panama,221,0,6/11/2009 14:00
Paraguay,25,0,6/11/2009 14:00
Peru,64,0,6/11/2009 14:00
Philippines,77,0,6/11/2009 14:00
Poland,7,0,6/11/2009 14:00
Portugal,2,0,6/11/2009 14:00
Romania,11,0,6/11/2009 14:00
Russia,3,0,6/11/2009 14:00
Saudi Arabia,1,0,6/11/2009 14:00
Singapore,18,0,6/11/2009 14:00
Slovakia,3,0,6/11/2009 14:00
Spain,357,0,6/11/2009 14:00
Sweden,19,0,6/11/2009 14:00
Switzerland,20,0,6/11/2009 14:00
Thailand,8,0,6/11/2009 14:00
Trinidad and Tobago,2,0,6/11/2009 14:00
Turkey,10,0,6/11/2009 14:00
Ukraine,1,0,6/11/2009 14:00
United Arab Emirates,1,0,6/11/2009 14:00
United Kingdom,822,0,6/11/2009 14:00
United States of America,13217,27,6/11/2009 14:00
Uruguay,24,0,6/11/2009 14:00
Venezuela,13,0,6/11/2009 14:00
Viet Nam,16,0,6/11/2009 14:00
Grand Total,28774,144,6/11/2009 14:00
Argentina,235,0,6/10/2009 6:00
Australia,1224,0,6/10/2009 6:00
Austria,5,0,6/10/2009 6:00
Bahamas,2,0,6/10/2009 6:00
Bahrain,1,0,6/10/2009 6:00
Barbados,2,0,6/10/2009 6:00
Belgium,14,0,6/10/2009 6:00
Bolivia,3,0,6/10/2009 6:00
Brazil,36,0,6/10/2009 6:00
Bulgaria,2,0,6/10/2009 6:00
Canada,2446,4,6/10/2009 6:00
"Cayman Islands, UKOT",1,0,6/10/2009 6:00
Chile,1694,2,6/10/2009 6:00
China,142,0,6/10/2009 6:00
Colombia,35,0,6/10/2009 6:00
Costa Rica,93,1,6/10/2009 6:00
Cuba,5,0,6/10/2009 6:00
Cyprus,1,0,6/10/2009 6:00
Czech Republic,2,0,6/10/2009 6:00
Denmark,8,0,6/10/2009 6:00
Dominica,1,0,6/10/2009 6:00
Dominican Republic,91,1,6/10/2009 6:00
Ecuador,60,0,6/10/2009 6:00
Egypt,8,0,6/10/2009 6:00
El Salvador,69,0,6/10/2009 6:00
Estonia,4,0,6/10/2009 6:00
Finland,4,0,6/10/2009 6:00
France,71,0,6/10/2009 6:00
Germany,78,0,6/10/2009 6:00
Greece,5,0,6/10/2009 6:00
Guatemala,60,0,6/10/2009 6:00
Honduras,89,0,6/10/2009 6:00
Hungary,3,0,6/10/2009 6:00
Iceland,2,0,6/10/2009 6:00
India,4,0,6/10/2009 6:00
Ireland,12,0,6/10/2009 6:00
Israel,63,0,6/10/2009 6:00
Italy,50,0,6/10/2009 6:00
Jamaica,7,0,6/10/2009 6:00
Japan,485,0,6/10/2009 6:00
"Korea, Republic of",48,0,6/10/2009 6:00
Kuwait,18,0,6/10/2009 6:00
Lebanon,8,0,6/10/2009 6:00
Luxembourg,1,0,6/10/2009 6:00
Malaysia,5,0,6/10/2009 6:00
Mexico,5717,106,6/10/2009 6:00
Netherlands,22,0,6/10/2009 6:00
New Zealand,23,0,6/10/2009 6:00
Nicaragua,29,0,6/10/2009 6:00
Norway,9,0,6/10/2009 6:00
Panama,221,0,6/10/2009 6:00
Paraguay,16,0,6/10/2009 6:00
Peru,64,0,6/10/2009 6:00
Philippines,54,0,6/10/2009 6:00
Poland,6,0,6/10/2009 6:00
Portugal,2,0,6/10/2009 6:00
Romania,9,0,6/10/2009 6:00
Russia,3,0,6/10/2009 6:00
Saudi Arabia,1,0,6/10/2009 6:00
Singapore,18,0,6/10/2009 6:00
Slovakia,3,0,6/10/2009 6:00
Spain,331,0,6/10/2009 6:00
Sweden,16,0,6/10/2009 6:00
Switzerland,16,0,6/10/2009 6:00
Thailand,8,0,6/10/2009 6:00
Trinidad and Tobago,2,0,6/10/2009 6:00
Turkey,10,0,6/10/2009 6:00
Ukraine,1,0,6/10/2009 6:00
United Arab Emirates,1,0,6/10/2009 6:00
United Kingdom,666,0,6/10/2009 6:00
United States of America,13217,27,6/10/2009 6:00
Uruguay,24,0,6/10/2009 6:00
Venezuela,12,0,6/10/2009 6:00
Viet Nam,15,0,6/10/2009 6:00
Grand Total,27737,141,6/10/2009 6:00
Argentina,202,0,6/8/2009 6:00
Australia,1051,0,6/8/2009 6:00
Austria,5,0,6/8/2009 6:00
Bahamas,1,0,6/8/2009 6:00
Bahrain,1,0,6/8/2009 6:00
Barbados,2,0,6/8/2009 6:00
Belgium,14,0,6/8/2009 6:00
Bolivia,3,0,6/8/2009 6:00
Brazil,35,0,6/8/2009 6:00
Bulgaria,2,0,6/8/2009 6:00
Canada,2115,3,6/8/2009 6:00
"Cayman Islands, UKOT",1,0,6/8/2009 6:00
Chile,411,1,6/8/2009 6:00
China,108,0,6/8/2009 6:00
Colombia,25,0,6/8/2009 6:00
Costa Rica,68,1,6/8/2009 6:00
Cuba,5,0,6/8/2009 6:00
Cyprus,1,0,6/8/2009 6:00
Czech Republic,2,0,6/8/2009 6:00
Denmark,7,0,6/8/2009 6:00
Dominica,1,0,6/8/2009 6:00
Dominican Republic,44,1,6/8/2009 6:00
Ecuador,60,0,6/8/2009 6:00
Egypt,1,0,6/8/2009 6:00
El Salvador,69,0,6/8/2009 6:00
Estonia,3,0,6/8/2009 6:00
Finland,4,0,6/8/2009 6:00
France,58,0,6/8/2009 6:00
Germany,63,0,6/8/2009 6:00
Greece,5,0,6/8/2009 6:00
Guatemala,30,0,6/8/2009 6:00
Honduras,34,0,6/8/2009 6:00
Hungary,3,0,6/8/2009 6:00
Iceland,1,0,6/8/2009 6:00
India,4,0,6/8/2009 6:00
Ireland,11,0,6/8/2009 6:00
Israel,54,0,6/8/2009 6:00
Italy,50,0,6/8/2009 6:00
Jamaica,4,0,6/8/2009 6:00
Japan,410,0,6/8/2009 6:00
"Korea, Republic of",47,0,6/8/2009 6:00
Kuwait,18,0,6/8/2009 6:00
Lebanon,3,0,6/8/2009 6:00
Luxembourg,1,0,6/8/2009 6:00
Malaysia,5,0,6/8/2009 6:00
Mexico,5717,106,6/8/2009 6:00
Netherlands,10,0,6/8/2009 6:00
New Zealand,14,0,6/8/2009 6:00
Nicaragua,18,0,6/8/2009 6:00
Norway,9,0,6/8/2009 6:00
Panama,179,0,6/8/2009 6:00
Paraguay,5,0,6/8/2009 6:00
Peru,61,0,6/8/2009 6:00
Philippines,33,0,6/8/2009 6:00
Poland,5,0,6/8/2009 6:00
Portugal,2,0,6/8/2009 6:00
Romania,9,0,6/8/2009 6:00
Russia,3,0,6/8/2009 6:00
Saudi Arabia,1,0,6/8/2009 6:00
Singapore,15,0,6/8/2009 6:00
Slovakia,3,0,6/8/2009 6:00
Spain,291,0,6/8/2009 6:00
Sweden,14,0,6/8/2009 6:00
Switzerland,16,0,6/8/2009 6:00
Thailand,8,0,6/8/2009 6:00
Trinidad and Tobago,2,0,6/8/2009 6:00
Turkey,10,0,6/8/2009 6:00
United Arab Emirates,1,0,6/8/2009 6:00
United Kingdom,557,0,6/8/2009 6:00
United States of America,13217,27,6/8/2009 6:00
Uruguay,17,0,6/8/2009 6:00
Venezuela,4,0,6/8/2009 6:00
Viet Nam,9,0,6/8/2009 6:00
Grand Total,25288,139,6/8/2009 6:00
Argentina,147,0,6/5/2009 6:00
Australia,876,0,6/5/2009 6:00
Austria,2,0,6/5/2009 6:00
Bahamas,1,0,6/5/2009 6:00
Bahrain,1,0,6/5/2009 6:00
Barbados,1,0,6/5/2009 6:00
Belgium,13,0,6/5/2009 6:00
Bolivia,3,0,6/5/2009 6:00
Brazil,28,0,6/5/2009 6:00
Bulgaria,1,0,6/5/2009 6:00
Canada,1795,3,6/5/2009 6:00
Chile,369,1,6/5/2009 6:00
China,89,0,6/5/2009 6:00
Colombia,24,0,6/5/2009 6:00
Costa Rica,68,1,6/5/2009 6:00
Cuba,4,0,6/5/2009 6:00
Cyprus,1,0,6/5/2009 6:00
Czech Republic,2,0,6/5/2009 6:00
Denmark,4,0,6/5/2009 6:00
Dominican Republic,33,0,6/5/2009 6:00
Ecuador,43,0,6/5/2009 6:00
Egypt,1,0,6/5/2009 6:00
El Salvador,49,0,6/5/2009 6:00
Estonia,3,0,6/5/2009 6:00
Finland,4,0,6/5/2009 6:00
France,47,0,6/5/2009 6:00
Germany,43,0,6/5/2009 6:00
Greece,5,0,6/5/2009 6:00
Guatemala,23,0,6/5/2009 6:00
Honduras,34,0,6/5/2009 6:00
Hungary,3,0,6/5/2009 6:00
Iceland,1,0,6/5/2009 6:00
India,4,0,6/5/2009 6:00
Ireland,8,0,6/5/2009 6:00
Israel,39,0,6/5/2009 6:00
Italy,38,0,6/5/2009 6:00
Jamaica,2,0,6/5/2009 6:00
Japan,410,0,6/5/2009 6:00
"Korea, Republic of",41,0,6/5/2009 6:00
Kuwait,18,0,6/5/2009 6:00
Lebanon,3,0,6/5/2009 6:00
Luxembourg,1,0,6/5/2009 6:00
Malaysia,2,0,6/5/2009 6:00
Mexico,5563,103,6/5/2009 6:00
Netherlands,4,0,6/5/2009 6:00
New Zealand,11,0,6/5/2009 6:00
Nicaragua,5,0,6/5/2009 6:00
Norway,9,0,6/5/2009 6:00
Panama,173,0,6/5/2009 6:00
Paraguay,5,0,6/5/2009 6:00
Peru,47,0,6/5/2009 6:00
Philippines,29,0,6/5/2009 6:00
Poland,4,0,6/5/2009 6:00
Portugal,2,0,6/5/2009 6:00
Romania,8,0,6/5/2009 6:00
Russia,3,0,6/5/2009 6:00
Saudi Arabia,1,0,6/5/2009 6:00
Singapore,12,0,6/5/2009 6:00
Slovakia,3,0,6/5/2009 6:00
Spain,218,0,6/5/2009 6:00
Sweden,13,0,6/5/2009 6:00
Switzerland,10,0,6/5/2009 6:00
Thailand,8,0,6/5/2009 6:00
Turkey,8,0,6/5/2009 6:00
United Kingdom,428,0,6/5/2009 6:00
United States of America,11054,17,6/5/2009 6:00
Uruguay,15,0,6/5/2009 6:00
Venezuela,4,0,6/5/2009 6:00
Viet Nam,3,0,6/5/2009 6:00
Grand Total,21940,125,6/5/2009 6:00
Argentina,131,0,6/3/2009 6:00
Australia,501,0,6/3/2009 6:00
Austria,1,0,6/3/2009 6:00
Bahamas,1,0,6/3/2009 6:00
Bahrain,1,0,6/3/2009 6:00
Belgium,13,0,6/3/2009 6:00
Bolivia,3,0,6/3/2009 6:00
Brazil,20,0,6/3/2009 6:00
Bulgaria,1,0,6/3/2009 6:00
Canada,1530,2,6/3/2009 6:00
Chile,313,0,6/3/2009 6:00
China,69,0,6/3/2009 6:00
Colombia,20,0,6/3/2009 6:00
Costa Rica,50,1,6/3/2009 6:00
Cuba,4,0,6/3/2009 6:00
Cyprus,1,0,6/3/2009 6:00
Czech Republic,1,0,6/3/2009 6:00
Denmark,1,0,6/3/2009 6:00
Dominican Republic,11,0,6/3/2009 6:00
Ecuador,39,0,6/3/2009 6:00
Egypt,1,0,6/3/2009 6:00
El Salvador,41,0,6/3/2009 6:00
Estonia,1,0,6/3/2009 6:00
Finland,4,0,6/3/2009 6:00
France,26,0,6/3/2009 6:00
Germany,28,0,6/3/2009 6:00
Greece,5,0,6/3/2009 6:00
Guatemala,14,0,6/3/2009 6:00
Honduras,2,0,6/3/2009 6:00
Hungary,1,0,6/3/2009 6:00
Iceland,1,0,6/3/2009 6:00
India,1,0,6/3/2009 6:00
Ireland,4,0,6/3/2009 6:00
Israel,33,0,6/3/2009 6:00
Italy,30,0,6/3/2009 6:00
Jamaica,2,0,6/3/2009 6:00
Japan,385,0,6/3/2009 6:00
"Korea, Republic of",41,0,6/3/2009 6:00
Kuwait,18,0,6/3/2009 6:00
Lebanon,3,0,6/3/2009 6:00
Malaysia,2,0,6/3/2009 6:00
Mexico,5029,97,6/3/2009 6:00
Netherlands,4,0,6/3/2009 6:00
New Zealand,10,0,6/3/2009 6:00
Nicaragua,1,0,6/3/2009 6:00
Norway,4,0,6/3/2009 6:00
Panama,155,0,6/3/2009 6:00
Paraguay,5,0,6/3/2009 6:00
Peru,40,0,6/3/2009 6:00
Philippines,16,0,6/3/2009 6:00
Poland,4,0,6/3/2009 6:00
Portugal,2,0,6/3/2009 6:00
Romania,5,0,6/3/2009 6:00
Russia,3,0,6/3/2009 6:00
Singapore,9,0,6/3/2009 6:00
Slovakia,2,0,6/3/2009 6:00
Spain,180,0,6/3/2009 6:00
Sweden,7,0,6/3/2009 6:00
Switzerland,10,0,6/3/2009 6:00
Thailand,2,0,6/3/2009 6:00
Turkey,4,0,6/3/2009 6:00
United Kingdom,339,0,6/3/2009 6:00
United States of America,10053,17,6/3/2009 6:00
Uruguay,15,0,6/3/2009 6:00
Venezuela,3,0,6/3/2009 6:00
Viet Nam,3,0,6/3/2009 6:00
Grand Total,19273,117,6/3/2009 6:00
Argentina,100,0,6/1/2009 6:00
Australia,297,0,6/1/2009 6:00
Austria,1,0,6/1/2009 6:00
Bahamas,1,0,6/1/2009 6:00
Bahrain,1,0,6/1/2009 6:00
Belgium,12,0,6/1/2009 6:00
Bolivia,3,0,6/1/2009 6:00
Brazil,18,0,6/1/2009 6:00
Canada,1336,2,6/1/2009 6:00
Chile,250,0,6/1/2009 6:00
China,52,0,6/1/2009 6:00
Colombia,20,0,6/1/2009 6:00
Costa Rica,37,1,6/1/2009 6:00
Cuba,4,0,6/1/2009 6:00
Cyprus,1,0,6/1/2009 6:00
Czech Republic,1,0,6/1/2009 6:00
Denmark,1,0,6/1/2009 6:00
Dominican Republic,2,0,6/1/2009 6:00
Ecuador,39,0,6/1/2009 6:00
El Salvador,27,0,6/1/2009 6:00
Estonia,1,0,6/1/2009 6:00
Finland,3,0,6/1/2009 6:00
France,24,0,6/1/2009 6:00
Germany,28,0,6/1/2009 6:00
Greece,4,0,6/1/2009 6:00
Guatemala ,12,0,6/1/2009 6:00
Honduras,2,0,6/1/2009 6:00
Hungary,1,0,6/1/2009 6:00
Iceland,1,0,6/1/2009 6:00
India,1,0,6/1/2009 6:00
Ireland,4,0,6/1/2009 6:00
Israel,19,0,6/1/2009 6:00
Italy,29,0,6/1/2009 6:00
Jamaica,2,0,6/1/2009 6:00
Japan,370,0,6/1/2009 6:00
"Korea, Republic of",33,0,6/1/2009 6:00
Kuwait,18,0,6/1/2009 6:00
Malaysia,2,0,6/1/2009 6:00
Mexico,5029,97,6/1/2009 6:00
Netherlands,3,0,6/1/2009 6:00
New Zealand,9,0,6/1/2009 6:00
Norway,4,0,6/1/2009 6:00
Panama,107,0,6/1/2009 6:00
Paraguay,5,0,6/1/2009 6:00
Peru,36,0,6/1/2009 6:00
Philippines,16,0,6/1/2009 6:00
Poland,4,0,6/1/2009 6:00
Portugal,1,0,6/1/2009 6:00
Romania,3,0,6/1/2009 6:00
Russia,3,0,6/1/2009 6:00
Singapore,5,0,6/1/2009 6:00
Slovakia,2,0,6/1/2009 6:00
Spain,178,0,6/1/2009 6:00
Sweden,4,0,6/1/2009 6:00
Switzerland,8,0,6/1/2009 6:00
Thailand,2,0,6/1/2009 6:00
Turkey,4,0,6/1/2009 6:00
United Kingdom,229,0,6/1/2009 6:00
United States of America,8975,15,6/1/2009 6:00
Uruguay,11,0,6/1/2009 6:00
Venezuela,2,0,6/1/2009 6:00
Viet Nam,1,0,6/1/2009 6:00
Grand Total,17410,115,6/1/2009 6:00
Argentina,37,0,5/29/2009 6:00
Australia,147,0,5/29/2009 6:00
Austria,1,0,5/29/2009 6:00
Bahrain,1,0,5/29/2009 6:00
Belgium,8,0,5/29/2009 6:00
Brazil,10,0,5/29/2009 6:00
Canada,1118,2,5/29/2009 6:00
Chile,165,0,5/29/2009 6:00
China,30,0,5/29/2009 6:00
Colombia,17,0,5/29/2009 6:00
Costa Rica,33,1,5/29/2009 6:00
Cuba,4,0,5/29/2009 6:00
Czech Republic,1,0,5/29/2009 6:00
Denmark,1,0,5/29/2009 6:00
Dominican Republic,2,0,5/29/2009 6:00
Ecuador,32,0,5/29/2009 6:00
El Salvador,11,0,5/29/2009 6:00
Finland,3,0,5/29/2009 6:00
France,21,0,5/29/2009 6:00
Germany,19,0,5/29/2009 6:00
Greece,3,0,5/29/2009 6:00
Guatemala,5,0,5/29/2009 6:00
Honduras,1,0,5/29/2009 6:00
Iceland,1,0,5/29/2009 6:00
India,1,0,5/29/2009 6:00
Ireland,3,0,5/29/2009 6:00
Israel,11,0,5/29/2009 6:00
Italy,26,0,5/29/2009 6:00
Japan,364,0,5/29/2009 6:00
"Korea, Republic of",33,0,5/29/2009 6:00
Kuwait,18,0,5/29/2009 6:00
Malaysia,2,0,5/29/2009 6:00
Mexico,4910,85,5/29/2009 6:00
Netherlands,3,0,5/29/2009 6:00
New Zealand,9,0,5/29/2009 6:00
Norway,4,0,5/29/2009 6:00
Panama,107,0,5/29/2009 6:00
Peru,31,0,5/29/2009 6:00
Philippines,6,0,5/29/2009 6:00
Poland,4,0,5/29/2009 6:00
Portugal,1,0,5/29/2009 6:00
Romania,3,0,5/29/2009 6:00
Russia,2,0,5/29/2009 6:00
Singapore,4,0,5/29/2009 6:00
Slovakia,1,0,5/29/2009 6:00
Spain,143,0,5/29/2009 6:00
Sweden,4,0,5/29/2009 6:00
Switzerland,4,0,5/29/2009 6:00
Thailand,2,0,5/29/2009 6:00
Turkey,2,0,5/29/2009 6:00
United Kingdom,203,0,5/29/2009 6:00
United States of America,7927,11,5/29/2009 6:00
Uruguay,2,0,5/29/2009 6:00
Grand Total,15510,99,5/29/2009 6:00
Argentina,19,0,5/27/2009 8:00
Australia,39,0,5/27/2009 8:00
Austria,1,0,5/27/2009 8:00
Bahrain,1,0,5/27/2009 8:00
Belgium,7,0,5/27/2009 8:00
Brazil,9,0,5/27/2009 8:00
Canada,921,1,5/27/2009 8:00
Chile,86,0,5/27/2009 8:00
China,22,0,5/27/2009 8:00
Colombia,16,0,5/27/2009 8:00
Costa Rica,33,1,5/27/2009 8:00
Cuba,4,0,5/27/2009 8:00
Denmark,1,0,5/27/2009 8:00
Ecuador,28,0,5/27/2009 8:00
El Salvador,11,0,5/27/2009 8:00
Finland,2,0,5/27/2009 8:00
France,16,0,5/27/2009 8:00
Germany,17,0,5/27/2009 8:00
Greece,1,0,5/27/2009 8:00
Guatemala ,5,0,5/27/2009 8:00
Honduras,1,0,5/27/2009 8:00
Iceland,1,0,5/27/2009 8:00
India,1,0,5/27/2009 8:00
Ireland,1,0,5/27/2009 8:00
Israel,9,0,5/27/2009 8:00
Italy,23,0,5/27/2009 8:00
Japan,360,0,5/27/2009 8:00
"Korea, Republic of",21,0,5/27/2009 8:00
Kuwait,18,0,5/27/2009 8:00
Malaysia,2,0,5/27/2009 8:00
Mexico,4541,83,5/27/2009 8:00
Netherlands,3,0,5/27/2009 8:00
New Zealand,9,0,5/27/2009 8:00
Norway,4,0,5/27/2009 8:00
Panama,76,0,5/27/2009 8:00
Peru,27,0,5/27/2009 8:00
Philippines,2,0,5/27/2009 8:00
Poland,3,0,5/27/2009 8:00
Portugal,1,0,5/27/2009 8:00
Russia,2,0,5/27/2009 8:00
Singapore,1,0,5/27/2009 8:00
Spain,138,0,5/27/2009 8:00
Sweden,3,0,5/27/2009 8:00
Switzerland,3,0,5/27/2009 8:00
Thailand,2,0,5/27/2009 8:00
Turkey,2,0,5/27/2009 8:00
United Kingdom,137,0,5/27/2009 8:00
United States of America,6764,10,5/27/2009 8:00
Grand Total,13398,95,5/27/2009 8:00
Argentina,5,0,5/26/2009 6:00
Australia,19,0,5/26/2009 6:00
Austria,1,0,5/26/2009 6:00
Belgium,7,0,5/26/2009 6:00
Brazil,9,0,5/26/2009 6:00
Canada,921,1,5/26/2009 6:00
Chile,74,0,5/26/2009 6:00
China,20,0,5/26/2009 6:00
Colombia,16,0,5/26/2009 6:00
Costa Rica,33,1,5/26/2009 6:00
Cuba,4,0,5/26/2009 6:00
Denmark,1,0,5/26/2009 6:00
Ecuador,24,0,5/26/2009 6:00
El Salvador,6,0,5/26/2009 6:00
Finland,2,0,5/26/2009 6:00
France,16,0,5/26/2009 6:00
Germany,17,0,5/26/2009 6:00
Greece,1,0,5/26/2009 6:00
Guatemala,4,0,5/26/2009 6:00
Honduras,1,0,5/26/2009 6:00
Iceland,1,0,5/26/2009 6:00
India,1,0,5/26/2009 6:00
Ireland,1,0,5/26/2009 6:00
Israel,8,0,5/26/2009 6:00
Italy,19,0,5/26/2009 6:00
Japan,350,0,5/26/2009 6:00
"Korea, Republic of",21,0,5/26/2009 6:00
Kuwait,18,0,5/26/2009 6:00
Malaysia,2,0,5/26/2009 6:00
Mexico,4174,80,5/26/2009 6:00
Netherlands,3,0,5/26/2009 6:00
New Zealand,9,0,5/26/2009 6:00
Norway,4,0,5/26/2009 6:00
Panama,76,0,5/26/2009 6:00
Peru,27,0,5/26/2009 6:00
Philippines,2,0,5/26/2009 6:00
Poland,3,0,5/26/2009 6:00
Portugal,1,0,5/26/2009 6:00
Russia,2,0,5/26/2009 6:00
Spain,136,0,5/26/2009 6:00
Sweden,3,0,5/26/2009 6:00
Switzerland,3,0,5/26/2009 6:00
Thailand,2,0,5/26/2009 6:00
Turkey,2,0,5/26/2009 6:00
United Kingdom,137,0,5/26/2009 6:00
United States of America,6764,10,5/26/2009 6:00
Grand Total,12954,92,5/26/2009 6:00
Argentina,2,0,5/25/2009 8:00
Australia,16,0,5/25/2009 8:00
Austria,1,0,5/25/2009 8:00
Belgium,7,0,5/25/2009 8:00
Brazil,9,0,5/25/2009 8:00
Canada,805,1,5/25/2009 8:00
Chile,44,0,5/25/2009 8:00
China,15,0,5/25/2009 8:00
Colombia,13,0,5/25/2009 8:00
Costa Rica,28,1,5/25/2009 8:00
Cuba,4,0,5/25/2009 8:00
Denmark,1,0,5/25/2009 8:00
Ecuador,10,0,5/25/2009 8:00
El Salvador,6,0,5/25/2009 8:00
Finland,2,0,5/25/2009 8:00
France,16,0,5/25/2009 8:00
Germany,17,0,5/25/2009 8:00
Greece,1,0,5/25/2009 8:00
Guatemala,4,0,5/25/2009 8:00
Honduras,1,0,5/25/2009 8:00
Iceland,1,0,5/25/2009 8:00
India,1,0,5/25/2009 8:00
Ireland,1,0,5/25/2009 8:00
Israel,8,0,5/25/2009 8:00
Italy,19,0,5/25/2009 8:00
Japan,345,0,5/25/2009 8:00
"Korea, Republic of",3,0,5/25/2009 8:00
Kuwait,18,0,5/25/2009 8:00
Malaysia,2,0,5/25/2009 8:00
Mexico,4174,80,5/25/2009 8:00
Netherlands,3,0,5/25/2009 8:00
New Zealand,9,0,5/25/2009 8:00
Norway,4,0,5/25/2009 8:00
Panama,76,0,5/25/2009 8:00
Peru,25,0,5/25/2009 8:00
Philippines,1,0,5/25/2009 8:00
Poland,3,0,5/25/2009 8:00
Portugal,1,0,5/25/2009 8:00
Russia,1,0,5/25/2009 8:00
Spain,133,0,5/25/2009 8:00
Sweden,3,0,5/25/2009 8:00
Switzerland,3,0,5/25/2009 8:00
Thailand,2,0,5/25/2009 8:00
Turkey,2,0,5/25/2009 8:00
United Kingdom,122,0,5/25/2009 8:00
United States of America,6552,9,5/25/2009 8:00
Grand Total,12515,91,5/25/2009 8:00
Argentina,1,0,5/23/2009 8:00
Australia,12,0,5/23/2009 8:00
Austria,1,0,5/23/2009 8:00
Belgium,7,0,5/23/2009 8:00
Brazil,8,0,5/23/2009 8:00
Canada,719,1,5/23/2009 8:00
Chile,24,0,5/23/2009 8:00
China,11,0,5/23/2009 8:00
Colombia,12,0,5/23/2009 8:00
Costa Rica,20,1,5/23/2009 8:00
Cuba,4,0,5/23/2009 8:00
Denmark,1,0,5/23/2009 8:00
Ecuador,8,0,5/23/2009 8:00
El Salvador,6,0,5/23/2009 8:00
Finland,2,0,5/23/2009 8:00
France,16,0,5/23/2009 8:00
Germany,17,0,5/23/2009 8:00
Greece,1,0,5/23/2009 8:00
Guatemala,4,0,5/23/2009 8:00
India,1,0,5/23/2009 8:00
Ireland,1,0,5/23/2009 8:00
Israel,7,0,5/23/2009 8:00
Italy,14,0,5/23/2009 8:00
Japan,321,0,5/23/2009 8:00
"Korea, Republic of",3,0,5/23/2009 8:00
Malaysia,2,0,5/23/2009 8:00
Mexico,3892,75,5/23/2009 8:00
Netherlands,3,0,5/23/2009 8:00
New Zealand,9,0,5/23/2009 8:00
Norway,4,0,5/23/2009 8:00
Panama,76,0,5/23/2009 8:00
Peru,5,0,5/23/2009 8:00
Philippines,1,0,5/23/2009 8:00
Poland,2,0,5/23/2009 8:00
Portugal,1,0,5/23/2009 8:00
Russia,1,0,5/23/2009 8:00
Spain,126,0,5/23/2009 8:00
Sweden,3,0,5/23/2009 8:00
Switzerland,2,0,5/23/2009 8:00
Thailand,2,0,5/23/2009 8:00
Turkey,2,0,5/23/2009 8:00
United Kingdom,117,0,5/23/2009 8:00
United States of America,6552,9,5/23/2009 8:00
Grand Total,12022,86,5/23/2009 8:00
